종목코드,종목명,종가,대비,등락률,상장시가총액
5930,삼성전자,75700,2200,2.99,451912539.0
660,SK하이닉스,194200,5000,2.64,141378059.0
5380,현대차,265000,12000,4.74,55495291.0
207940,삼성바이오로직스,752000,22000,3.01,53522848.0
270,기아,120700,3000,2.55,48262911.0
68270,셀트리온,179000,2800,1.59,38841787.0
105560,KB금융,79300,-100,-0.13,31998428.0
5490,POSCO홀딩스,374000,5000,1.36,31629640.0
35420,NAVER,172700,2500,1.47,28047964.0
6400,삼성SDI,377000,2500,0.67,25924228.0
51910,LG화학,357500,6000,1.71,25236763.0
28260,삼성물산,138700,3600,2.66,24658656.0
55550,신한지주,47000,-150,-0.32,23941481.0
12330,현대모비스,220000,5500,2.56,20604121.0
3670,포스코퓨처엠,255000,4500,1.8,19753121.0
35720,카카오,44300,1000,2.31,19639350.0
247540,에코프로비엠,188000,-3300,-1.73,18386653.0
86790,하나금융지주,62700,1000,1.62,18330759.0
32830,삼성생명,85300,1000,1.19,17060000.0
810,삼성화재,357000,8500,2.44,16912817.0
66570,LG전자,103100,-1700,-1.62,16872090.0
138040,메리츠금융지주,76400,-500,-0.65,14571017.0
42700,한미반도체,146700,-15000,-9.28,14228966.0
34020,두산에너빌리티,20750,-50,-0.24,13291644.0
11200,HMM,19130,1130,6.28,13181326.0
34730,SK,178800,2600,1.48,13087861.0
15760,한국전력,20300,850,4.37,13031871.0
3550,LG,81700,400,0.49,12851491.0
86520,에코프로,93300,-1100,-1.17,12421807.0
18260,삼성에스디에스,158800,5600,3.66,12287595.0
9150,삼성전기,159100,4100,2.65,11883767.0
259960,크래프톤,247500,-2500,-1.0,11970559.0
329180,HD현대중공업,131800,3100,2.41,11700297.0
12450,한화에어로스페이스,223000,18000,8.78,11290490.0
33780,KT&G,84800,1300,1.56,11051348.0
17670,SK텔레콤,51500,500,0.98,11061688.0
24110,기업은행,13600,-160,-1.16,10844992.0
90430,아모레퍼시픽,187200,-7000,-3.6,10949844.0
323410,카카오뱅크,22500,250,1.12,10730726.0
267260,HD현대일렉트릭,291000,-10000,-3.32,10489716.0
316140,우리금융지주,14250,80,0.56,10581929.0
10130,고려아연,498000,-29000,-5.5,10412477.0
196170,알테오젠,199000,13100,7.05,10576557.0
402340,SK스퀘어,78200,600,0.77,10537447.0
96770,SK이노베이션,106300,6300,6.3,10176693.0
30200,KT,37250,650,1.78,9579396.0
9540,HD한국조선해양,132800,2400,1.84,9398670.0
42660,한화오션,31100,1400,4.71,9527762.0
47050,포스코인터내셔널,51200,8150,18.93,9007247.0
10140,삼성중공업,9600,440,4.8,8448000.0
352820,하이브,200500,500,0.25,8351245.0
10950,S-Oil,70000,1800,2.64,7880795.0
3490,대한항공,21450,600,2.88,7898333.0
5830,DB손해보험,105400,1900,1.84,7462320.0
28300,HLB,57300,-3900,-6.37,7497439.0
86280,현대글로비스,188100,8600,4.79,7053750.0
326030,SK바이오팜,85800,400,0.47,6719277.0
51900,LG생활건강,424500,7000,1.68,6629925.0
10120,LS ELECTRIC,213000,-500,-0.23,6390000.0
100,유한양행,75000,6200,9.01,6015680.0
11070,LG이노텍,249000,1000,0.4,5893110.0
348370,엔켐,295000,1500,0.51,5710578.0
241560,두산밥캣,56600,-1100,-1.91,5674103.0
66970,엘앤에프,151800,-4600,-2.94,5509541.0
161390,한국타이어앤테크놀로지,44100,250,0.57,5462891.0
22100,포스코DX,35650,300,0.85,5420038.0
6260,LS,169800,-300,-0.18,5467560.0
11790,SKC,145700,6500,4.67,5517411.0
267250,HD현대,69900,1200,1.75,5521617.0
97950,CJ제일제당,351500,2000,0.57,5291546.0
34220,LG디스플레이,10330,400,4.03,5165000.0
9830,한화솔루션,30850,-600,-1.91,5302885.0
251270,넷마블,60500,300,0.5,5200187.0
5070,코스모신소재,152900,-2100,-1.35,4970895.0
47810,한국항공우주,52700,900,1.74,5136938.0
1570,금양,81600,-1700,-2.04,4736883.0
29780,삼성카드,40000,-500,-1.23,4634356.0
28050,삼성E&A,23950,550,2.35,4694200.0
11170,롯데케미칼,109900,-3200,-2.83,4701019.0
6800,미래에셋증권,7290,80,1.11,4339857.0
3230,삼양식품,587000,58000,10.96,4421880.0
180640,한진칼,63900,200,0.31,4266110.0
377300,카카오페이,30900,-100,-0.32,4156929.0
36570,엔씨소프트,194500,4200,2.21,4270057.0
21240,코웨이,56500,100,0.18,4169678.0
32640,LG유플러스,9750,100,1.04,4256961.0
58470,리노공업,272000,4000,1.49,4145925.0
64350,현대로템,36550,600,1.67,3989151.0
78930,GS,44450,850,1.95,4130089.0
298040,효성중공업,427000,-15000,-3.39,3981582.0
11780,금호석유,148300,900,0.61,4103858.0
307950,현대오토에버,150100,2100,1.42,4116340.0
4020,현대제철,30250,600,2.02,4036735.0
5940,NH투자증권,12220,-60,-0.49,4001956.0
302440,SK바이오사이언스,51700,0,0.0,3971995.0
271560,오리온,94400,2700,2.94,3732211.0
68760,셀트리온제약,90200,1000,1.12,3752018.0
720,현대건설,33850,650,1.96,3769393.0
1040,CJ,133900,-4000,-2.9,3906800.0
36460,한국가스공사,38700,8900,29.87,3572513.0
71050,한국금융지주,65400,200,0.31,3644480.0
79550,LIG넥스원,162300,2100,1.31,3570600.0
128940,한미약품,288500,5000,1.76,3695971.0
272210,한화시스템,17860,410,2.35,3374100.0
39490,키움증권,131000,-2800,-2.09,3343998.0
403870,HPSP,41400,-1150,-2.7,3433474.0
35250,강원랜드,14910,0,0.0,3189853.0
16360,삼성증권,36600,500,1.39,3268380.0
150,두산,200000,-6000,-2.91,3304767.0
1450,현대해상,33150,350,1.07,2963610.0
214150,클래시스,48500,-950,-1.92,3103977.0
3410,쌍용C&E,7000,-10,-0.14,3106508.0
7660,이수페타시스,48150,150,0.31,3045315.0
1440,대한전선,16590,-120,-0.72,3093161.0
361610,SK아이이테크놀로지,43150,0,0.0,3076491.0
277810,레인보우로보틱스,160100,1600,1.01,3105917.0
2790,아모레G,35750,-2500,-6.54,2947880.0
250,삼천당제약,123800,4500,3.77,2904035.0
4370,농심,468000,8500,1.85,2846676.0
10620,HD현대미포,72500,300,0.42,2895806.0
175330,JB금융지주,14330,-290,-1.98,2795542.0
263750,펄어비스,41900,450,1.09,2691985.0
2380,KCC,301000,7000,2.38,2674828.0
138930,BNK금융지주,8430,-20,-0.24,2715206.0
18880,한온시스템,4965,-45,-0.9,2650317.0
52690,한전기술,69900,0,0.0,2671578.0
4990,롯데지주,25750,-400,-1.53,2701413.0
39030,이오테크닉스,204500,7300,3.7,2519348.0
141080,리가켐바이오,66000,2300,3.61,2386936.0
145020,휴젤,202000,11000,5.76,2426806.0
357780,솔브레인,322500,-7000,-2.12,2508588.0
120,CJ대한통운,103700,0,0.0,2365640.0
383220,F&F,64800,-2200,-3.28,2482298.0
12750,에스원,62800,-800,-1.26,2386348.0
28670,팬오션,4460,155,3.6,2384180.0
81660,휠라홀딩스,39300,-100,-0.25,2387562.0
88350,한화생명,2815,10,0.36,2444912.0
7070,GS리테일,22750,2920,14.73,2382333.0
5290,동진쎄미켐,42650,700,1.67,2192828.0
8770,호텔신라,56900,0,0.0,2233218.0
112610,씨에스윈드,52500,-300,-0.57,2213999.0
20150,롯데에너지머티리얼즈,47250,-350,-0.74,2178737.0
30000,제일기획,18800,110,0.59,2162775.0
8930,한미사이언스,32000,450,1.43,2188530.0
35760,CJ ENM,88200,-1300,-1.45,1934151.0
35900,JYP Ent.,58700,600,1.03,2085757.0
41510,에스엠,89200,-2100,-2.3,2104185.0
282330,BGF리테일,118700,2200,1.89,2051600.0
14680,한솔케미칼,183000,-6500,-3.43,2074341.0
204320,HL만도,43850,450,1.04,2059070.0
880,한화,27250,200,0.74,2042626.0
78600,대주전자재료,117800,1300,1.12,1823614.0
237690,에스티팜,90900,-100,-0.11,1756008.0
240810,원익IPS,36850,1450,4.1,1808742.0
293490,카카오게임즈,21100,-250,-1.17,1743498.0
990,DB하이텍,41650,1100,2.71,1849201.0
192820,코스맥스,168700,-1300,-0.76,1914662.0
9420,한올바이오파마,33150,1600,5.07,1731777.0
10060,OCI홀딩스,95600,-1300,-1.34,1870317.0
12510,더존비즈온,60500,-1000,-1.63,1838158.0
23530,롯데쇼핑,66100,200,0.3,1869887.0
26960,동서,18500,-250,-1.33,1844450.0
7310,오뚜기,457000,2000,0.44,1831578.0
36930,주성엔지니어링,32600,-150,-0.46,1572924.0
336260,두산퓨얼셀,24200,-300,-1.22,1584948.0
328130,루닛,55200,200,0.36,1591451.0
4170,신세계,164800,1600,0.98,1622486.0
5850,에스엘,36000,-550,-1.5,1672147.0
11210,현대위아,56100,500,0.9,1525644.0
17800,현대엘리베이,40400,250,0.62,1579332.0
42670,HD현대인프라코어,8390,80,0.96,1674673.0
47040,대우건설,3735,80,2.19,1552351.0
51600,한전KPS,36900,-250,-0.67,1660500.0
103140,풍산,61100,-800,-1.29,1712283.0
139480,이마트,61400,100,0.16,1711575.0
161890,한국콜마,65600,1300,2.02,1548493.0
298020,효성티앤씨,391000,-10500,-2.62,1692124.0
298050,효성첨단소재,364000,-8000,-2.15,1630701.0
95340,ISC,75100,-900,-1.18,1591899.0
39200,오스코텍,37300,6700,21.9,1417175.0
375500,DL이앤씨,34100,100,0.29,1319453.0
112040,위메이드,43850,1150,2.69,1488641.0
121600,나노신소재,110500,1100,1.01,1347667.0
137400,피엔티,66500,400,0.61,1512290.0
214450,파마리서치,130700,-15400,-10.54,1360982.0
253450,스튜디오드래곤,43950,-1050,-2.33,1321071.0
80,하이트진로,20100,0,0.0,1409686.0
240,한국앤컴퍼니,15300,170,1.12,1452509.0
3690,코리안리,8070,-10,-0.12,1334516.0
4490,세방전지,103700,1000,0.97,1451800.0
6280,녹십자,115700,1000,0.87,1352132.0
111770,영원무역,33700,-250,-0.74,1493296.0
139130,DGB금융지주,8170,-70,-0.85,1381921.0
185750,종근당,103700,-800,-0.77,1366187.0
64760,티씨케이,122600,1600,1.32,1431355.0
34230,파라다이스,14230,-90,-0.63,1305910.0
353200,대덕전자,23300,150,0.65,1151414.0
67310,하나마이크론,21300,150,0.71,1111210.0
84370,유진테크,49500,-1400,-2.75,1134344.0
96530,씨젠,21250,100,0.47,1109802.0
140410,메지온,39600,-1050,-2.58,1178283.0
140860,파크시스템스,181000,400,0.22,1262630.0
213420,덕산네오룩스,44750,-500,-1.1,1111195.0
214370,케어젠,22250,850,3.97,1195159.0
281740,레이크머티리얼즈,19790,320,1.64,1300808.0
298380,에이비엘바이오,24050,1400,6.18,1151816.0
393890,더블유씨피,34000,-1350,-3.82,1145682.0
210,DL,54000,-1400,-2.53,1131618.0
1120,LX인터내셔널,32450,1100,3.51,1257762.0
1740,SK네트웍스,5110,60,1.19,1130730.0
2710,TCC스틸,47450,-1100,-2.27,1243840.0
4000,롯데정밀화학,47850,-100,-0.21,1234530.0
5300,롯데칠성,129300,200,0.15,1199760.0
5420,코스모화학,29250,150,0.52,1123441.0
6110,삼아알미늄,82100,-1300,-1.56,1207848.0
6360,GS건설,15140,150,1.0,1295704.0
9240,한샘,55500,-2600,-4.48,1306133.0
69620,대웅제약,107300,400,0.37,1243239.0
69960,현대백화점,49900,250,0.5,1167782.0
108320,LX세미콘,71100,0,0.0,1156392.0
120110,코오롱인더,41650,-400,-0.95,1146170.0
137310,에스디바이오센서,10110,70,0.7,1258466.0
145720,덴티움,111700,-500,-0.45,1236388.0
248070,솔루엠,24550,-100,-0.41,1227636.0
336370,솔루스첨단소재,17610,-250,-1.4,1236527.0
67160,SOOP,106400,-4800,-4.32,1223043.0
56190,에스에프에이,28200,350,1.26,1012627.0
285130,SK케미칼,54100,1000,1.88,933430.0
74600,원익QnC,34900,1300,3.87,917451.0
85660,차바이오텍,17010,10,0.06,957909.0
86900,메디톡스,141900,11300,8.65,1035657.0
98460,고영,13820,60,0.44,948809.0
166090,하나머티리얼즈,49400,-900,-1.79,977017.0
195940,HK이노엔,38100,-550,-1.42,1079369.0
222800,심텍,34150,500,1.49,1087819.0
225570,넥슨게임즈,14520,500,3.57,955471.0
365340,성일하이텍,81700,400,0.49,991437.0
383310,에코프로에이치엔,64200,-700,-1.08,982577.0
3030,세아제강지주,219500,8500,4.03,909094.0
3620,KG모빌리티,5420,20,0.37,1057949.0
6650,대한유화,147000,-4500,-2.97,955500.0
8730,율촌화학,37900,3050,8.75,939920.0
39130,하나투어,57000,-200,-0.35,914234.0
100090,SK오션플랜트,15350,240,1.59,908652.0
105630,한세실업,23150,-450,-1.91,926000.0
267270,HD현대건설기계,57000,0,0.0,1074284.0
271940,일진하이솔루스,25550,600,2.4,927802.0
67630,HLB생명과학,9370,-670,-6.67,1008697.0
9520,포스코엠텍,20150,-50,-0.25,839100.0
456040,OCI,96100,-500,-0.52,860335.0
36540,SFA반도체,5450,50,0.93,896309.0
48410,현대바이오,20100,-200,-0.99,800394.0
58970,엠로,65500,-9600,-12.78,734394.0
64550,바이오니아,31350,-500,-1.57,809153.0
101490,에스앤에스텍,40050,350,0.88,859130.0
122870,와이지엔터테인먼트,43200,-450,-1.03,807453.0
222080,씨아이에스,10940,-40,-0.36,781563.0
278280,천보,72700,-800,-1.09,727000.0
287410,제이시스메디칼,11550,-270,-2.28,885167.0
310210,보로노이,42950,1450,3.49,763661.0
1430,세아베스틸지주,22850,50,0.22,819449.0
2350,넥센타이어,8140,-150,-1.81,795017.0
6120,SK디스커버리,44750,700,1.59,840667.0
7340,DN오토모티브,79800,-100,-0.13,797522.0
9900,명신산업,14730,-100,-0.67,772885.0
10780,아이에스동서,26400,950,3.73,796936.0
23590,다우기술,19720,10,0.05,884770.0
32350,롯데관광개발,10340,-500,-4.61,787762.0
69260,TKG휴켐스,19540,-210,-1.06,798768.0
89590,제주항공,10910,70,0.65,879793.0
90460,비에이치,24650,-1800,-6.81,849547.0
93370,후성,7490,-10,-0.13,803342.0
114090,GKL,13450,-30,-0.22,831959.0
178920,PI첨단소재,27650,-350,-1.25,811979.0
195870,해성디에스,47000,1000,2.17,799000.0
25900,동화기업,17130,330,1.96,865956.0
3380,하림지주,6260,50,0.81,701155.0
192650,드림텍,9190,160,1.77,632937.0
58610,에스피지,25900,150,0.58,574394.0
78340,컴투스,40350,150,0.37,513968.0
189300,인텔리안테크,59500,600,1.02,638633.0
215200,메가스터디교육,59400,-1000,-1.66,690577.0
272290,이녹스첨단소재,32650,-300,-0.91,659584.0
336570,원텍,7730,-130,-1.65,690603.0
348210,넥스틴,64800,-1000,-1.52,671157.0
372170,윤성에프앤씨,74800,5300,7.63,596833.0
376300,디어유,26050,400,1.56,618385.0
418550,제이오,22100,-350,-1.56,702167.0
1060,JW중외제약,29650,950,3.31,690428.0
16380,KG스틸,7030,150,2.18,703063.0
19170,신풍제약,12800,200,1.59,678208.0
64960,SNT모티브,46050,250,0.55,673395.0
161000,애경케미칼,12850,10,0.08,625136.0
15750,성우하이텍,8500,200,2.41,680000.0
95660,네오위즈,20900,600,2.96,460505.0
299030,하나기술,57800,4800,9.06,471683.0
290650,엘앤씨바이오,19220,320,1.69,436004.0
