종목코드,종목명,종가,대비,등락률,상장시가총액
247540,에코프로비엠,188000,-3300,-1.73,18386653.0
86520,에코프로,93300,-1100,-1.17,12421807.0
196170,알테오젠,199000,13100,7.05,10576557.0
28300,HLB,57300,-3900,-6.37,7497439.0
348370,엔켐,295000,1500,0.51,5710578.0
58470,리노공업,272000,4000,1.49,4145925.0
68760,셀트리온제약,90200,1000,1.12,3752018.0
403870,HPSP,41400,-1150,-2.7,3433474.0
277810,레인보우로보틱스,160100,1600,1.01,3105917.0
214150,클래시스,48500,-950,-1.92,3103977.0
250,삼천당제약,123800,4500,3.77,2904035.0
263750,펄어비스,41900,450,1.09,2691985.0
39030,이오테크닉스,204500,7300,3.7,2519348.0
357780,솔브레인,322500,-7000,-2.12,2508588.0
145020,휴젤,202000,11000,5.76,2426806.0
141080,리가켐바이오,66000,2300,3.61,2386936.0
5290,동진쎄미켐,42650,700,1.67,2192828.0
41510,에스엠,89200,-2100,-2.3,2104185.0
35900,JYP Ent.,58700,600,1.03,2085757.0
35760,CJ ENM,88200,-1300,-1.45,1934151.0
78600,대주전자재료,117800,1300,1.12,1823614.0
240810,원익IPS,36850,1450,4.1,1808742.0
178320,서진시스템,31350,-1250,-3.83,1746271.0
237690,에스티팜,90900,-100,-0.11,1756008.0
293490,카카오게임즈,21100,-250,-1.17,1743498.0
328130,루닛,55200,200,0.36,1591451.0
95340,ISC,75100,-900,-1.18,1591899.0
36930,주성엔지니어링,32600,-150,-0.46,1572924.0
137400,피엔티,66500,400,0.61,1512290.0
112040,위메이드,43850,1150,2.69,1488641.0
64760,티씨케이,122600,1600,1.32,1431355.0
39200,오스코텍,37300,6700,21.9,1417175.0
36830,솔브레인홀딩스,67500,-2400,-3.43,1415074.0
214450,파마리서치,130700,-15400,-10.54,1360982.0
121600,나노신소재,110500,1100,1.01,1347667.0
253450,스튜디오드래곤,43950,-1050,-2.33,1321071.0
34230,파라다이스,14230,-90,-0.63,1305910.0
281740,레이크머티리얼즈,19790,320,1.64,1300808.0
140860,파크시스템스,181000,400,0.22,1262630.0
67160,SOOP,106400,-4800,-4.32,1223043.0
31980,피에스케이홀딩스,55700,800,1.46,1201025.0
214370,케어젠,22250,850,3.97,1195159.0
140410,메지온,39600,-1050,-2.58,1178283.0
298380,에이비엘바이오,24050,1400,6.18,1151816.0
393890,더블유씨피,34000,-1350,-3.82,1145682.0
84370,유진테크,49500,-1400,-2.75,1134344.0
96530,씨젠,21250,100,0.47,1109802.0
67310,하나마이크론,21300,150,0.71,1111210.0
204270,제이앤티씨,19250,700,3.77,1113583.0
213420,덕산네오룩스,44750,-500,-1.1,1111195.0
222800,심텍,34150,500,1.49,1087819.0
195940,HK이노엔,38100,-550,-1.42,1079369.0
86900,메디톡스,141900,11300,8.65,1035657.0
56190,에스에프에이,28200,350,1.26,1012627.0
67630,HLB생명과학,9370,-670,-6.67,1008697.0
166090,하나머티리얼즈,49400,-900,-1.79,977017.0
383310,에코프로에이치엔,64200,-700,-1.08,982577.0
365340,성일하이텍,81700,400,0.49,991437.0
85660,차바이오텍,17010,10,0.06,957909.0
225570,넥슨게임즈,14520,500,3.57,955471.0
98460,고영,13820,60,0.44,948809.0
319660,피에스케이,31800,50,0.16,921142.0
74600,원익QnC,34900,1300,3.87,917451.0
352480,씨앤씨인터내셔널,91500,100,0.11,916276.0
36540,SFA반도체,5450,50,0.93,896309.0
287410,제이시스메디칼,11550,-270,-2.28,885167.0
183300,코미코,84100,-2100,-2.44,879744.0
25900,동화기업,17130,330,1.96,865956.0
101490,에스앤에스텍,40050,350,0.88,859130.0
86450,동국제약,19300,40,0.21,858078.0
9520,포스코엠텍,20150,-50,-0.25,839100.0
36810,에프에스티,36850,2100,6.04,801738.0
48410,현대바이오,20100,-200,-0.99,800394.0
122870,와이지엔터테인먼트,43200,-450,-1.03,807453.0
119860,커넥트웨이브,17900,10,0.06,810895.0
64550,바이오니아,31350,-500,-1.57,809153.0
222080,씨아이에스,10940,-40,-0.36,781563.0
310210,보로노이,42950,1450,3.49,763661.0
41190,우리기술투자,8980,300,3.46,754320.0
7390,네이처셀,11660,-330,-2.75,748072.0
58970,엠로,65500,-9600,-12.78,734394.0
278280,천보,72700,-800,-1.09,727000.0
131970,두산테스나,43300,50,0.12,736384.0
418550,제이오,22100,-350,-1.56,702167.0
3380,하림지주,6260,50,0.81,701155.0
336570,원텍,7730,-130,-1.65,690603.0
215200,메가스터디교육,59400,-1000,-1.66,690577.0
15750,성우하이텍,8500,200,2.41,680000.0
348210,넥스틴,64800,-1000,-1.52,671157.0
194480,데브시스터즈,55200,2500,4.74,663139.0
131290,티에스이,60700,3300,5.75,671429.0
272290,이녹스첨단소재,32650,-300,-0.91,659584.0
189300,인텔리안테크,59500,600,1.02,638633.0
53800,안랩,63500,0,0.0,635880.0
30520,한글과컴퓨터,25050,-900,-3.47,605703.0
376300,디어유,26050,400,1.56,618385.0
32500,케이엠더블유,15170,-230,-1.49,604083.0
372170,윤성에프앤씨,74800,5300,7.63,596833.0
58610,에스피지,25900,150,0.58,574394.0
46890,서울반도체,9820,90,0.92,572559.0
144510,지씨셀,34750,850,2.51,549062.0
91120,이엠텍,31500,-100,-0.32,539687.0
25980,아난티,6020,20,0.33,533549.0
358570,지아이이노베이션,11700,90,0.78,517103.0
78340,컴투스,40350,150,0.37,513968.0
6730,서부T&D,7170,70,0.99,483451.0
99190,아이센스,17870,250,1.42,493878.0
84850,아이티엠반도체,22000,-950,-4.14,499025.0
299030,하나기술,57800,4800,9.06,471683.0
200130,콜마비앤에이치,15990,120,0.76,470355.0
32190,다우데이타,11750,200,1.73,450025.0
68240,다원시스,11820,110,0.94,451092.0
82270,젬백스,11130,170,1.55,445135.0
215000,골프존,73200,300,0.41,459360.0
91700,파트론,7720,50,0.65,454849.0
95610,테스,22900,600,2.69,452692.0
95660,네오위즈,20900,600,2.96,460505.0
89980,상아프론테크,28150,50,0.18,450091.0
60280,큐렉소,10350,-40,-0.38,425281.0
95500,미래나노텍,13850,380,2.82,429488.0
294090,이오플로우,14000,1620,13.09,425834.0
218410,RFHIC,16700,240,1.46,442290.0
290650,엘앤씨바이오,19220,320,1.69,436004.0
108860,셀바스AI,16350,30,0.18,440057.0
33640,네패스,17770,580,3.37,409762.0
215600,신라젠,4020,10,0.25,413526.0
49070,인탑스,23900,450,1.92,411080.0
43150,바텍,27150,450,1.69,403293.0
60250,NHN KCP,10000,200,2.04,401606.0
425040,티이엠씨,18370,-880,-4.57,391256.0
360070,탑머티리얼,50000,-300,-0.6,403557.0
323990,박셀바이오,16800,-420,-2.44,386286.0
114190,강원에너지,14320,-30,-0.21,374082.0
60720,KH바텍,14770,-10,-0.07,349716.0
53610,프로텍,32150,550,1.74,353650.0
86390,유니테스트,15650,-260,-1.63,330749.0
267980,매일유업,43000,350,0.82,337276.0
118990,모트렉스,13230,180,1.38,328924.0
35600,KG이니시스,11210,30,0.27,312809.0
25770,한국정보통신,8610,110,1.29,322395.0
41960,코미팜,4115,0,0.0,290537.0
95700,제넥신,7170,60,0.84,297631.0
80160,모두투어,15700,60,0.38,296730.0
61970,LB세미콘,6760,0,0.0,295984.0
101670,하이드로리튬,5120,100,1.99,257688.0
42600,새로닉스,19080,-270,-1.4,237042.0
298540,더네이쳐홀딩스,15290,-300,-1.92,225544.0
230240,에치에프알,14660,70,0.48,197749.0
73570,리튬포어스,4470,-95,-2.08,160790.0
33290,코웰패션,2915,75,2.64,163696.0
